--Jimenez Méndez Ricardo
--Rodríguez Abreu José Ricardo
--Taboada Magallanes Ricardo

INSERT INTO cliente (id_cliente, nombre_cliente, apellido_paterno_cliente, apellido_materno_cliente, telefono_cliente, correo, tarjeta_de_credito) VALUES (1,'Ernesto','Melano','Rosa',5532843750,'romeler@gmail.com',3628304716284635);

INSERT INTO cliente (id_cliente, nombre_cliente, apellido_paterno_cliente, apellido_materno_cliente, telefono_cliente, correo, tarjeta_de_credito) VALUES (2,'Diana','Castillo','Salazar',5528351423,'dianita_moxita@hotmail.com',2415362734079352);

INSERT INTO cliente (id_cliente, nombre_cliente, apellido_paterno_cliente, apellido_materno_cliente, telefono_cliente, correo, tarjeta_de_credito) VALUES (3,'Jose Ricardo','Rodriguez','Abreu',5526542430,'ricardo_rodab@hotmail.com',1029384756102938);

INSERT INTO cliente (id_cliente, nombre_cliente, apellido_paterno_cliente, apellido_materno_cliente, telefono_cliente, correo, tarjeta_de_credito) VALUES (4,'Edgar','Molina','Renal',5523182935,'remol@hotmail.com',2638142068535614);

INSERT INTO cliente (id_cliente, nombre_cliente, apellido_paterno_cliente, apellido_materno_cliente, telefono_cliente, correo, tarjeta_de_credito) VALUES (5,'Pamela','Montiel','Alvarado',5528351103,'alvantiel@gmail.com',2735192436574031);


INSERT INTO empleado (id_empleado, rfc_empleado, nombre_empleado, apellido_materno_empleado, apellido_paterno_empleado, fecha_de_nacimiento, fecha_de_ingreso, posicion) VALUES (1,'AAFJ900101G47' ,'Jesus','Alcazar','Figueroa','01/01/1990','6/05/2011','Gerente');

INSERT INTO empleado (id_empleado, rfc_empleado, nombre_empleado, apellido_materno_empleado, apellido_paterno_empleado, fecha_de_nacimiento, fecha_de_ingreso, posicion) VALUES (2,'BEGJ910202499','Jose','Benitez','Gonzalez','02/02/1991','3/05/2011','Gerente');

INSERT INTO empleado (id_empleado, rfc_empleado, nombre_empleado, apellido_materno_empleado, apellido_paterno_empleado, fecha_de_nacimiento, fecha_de_ingreso, posicion) VALUES (3,'JUCH920303MW8','Juan','Cordero','Hernandez','03/03/1992','1/11/2013','Vendedor');

INSERT INTO empleado (id_empleado, rfc_empleado, nombre_empleado, apellido_materno_empleado, apellido_paterno_empleado, fecha_de_nacimiento, fecha_de_ingreso, posicion) VALUES (4,'JUDI930404CC8','Juana','Daza','Iglesias','04/04/1993','12/11/2013','Vendedor');

INSERT INTO empleado (id_empleado, rfc_empleado, nombre_empleado, apellido_materno_empleado, apellido_paterno_empleado, fecha_de_nacimiento, fecha_de_ingreso, posicion) VALUES (5,'JOEJ940505GY5','Josefina','Ejido','Jimenez','05/05/1994','04/04/2012','Limpieza');




INSERT INTO direccion_cliente (id_direccion_cliente, calle_cliente, estado_cliente, numero_cliente, colonia_cliente, municipio_cliente) VALUES (1,'Tecacalo','Distrito Federal',6,'Adolfo Ruiz Cortines','Coyoacán');

INSERT INTO "direccion_cliente" (id_direccion_cliente,calle_cliente,estado_cliente,numero_cliente,colonia_cliente,municipio_cliente) VALUES (2,'684-6130 Mattis Street','Sląskie',14,'8339 Donec Avenue','Z.');

INSERT INTO "direccion_cliente" (id_direccion_cliente,calle_cliente,estado_cliente,numero_cliente,colonia_cliente,municipio_cliente) VALUES (3,'P.O. Box 258, 3253 Vel, Ave','North Island',82,'935-8605 Pulvinar Av.','Ank');

INSERT INTO "direccion_cliente" (id_direccion_cliente,calle_cliente,estado_cliente,numero_cliente,colonia_cliente,municipio_cliente) VALUES (4,'1372 Vel, St.','Virginia',81,'902-1158 Diam. St.','Alajuela');

INSERT INTO "direccion_cliente" (id_direccion_cliente,calle_cliente,estado_cliente,numero_cliente,colonia_cliente,municipio_cliente) VALUES (5,'Ap #567-6440 Orci. St.','Overijssel',58,'P.O. Box 387, 5296 Aliquam Ave','Alajuela');




INSERT INTO direccion_sucursal (id_direccion_sucursal, calle_sucursal, estado_sucursal, numero_sucursal, colonia_sucursal, municipio_sucursal) VALUES (2,'Calzada de Tlalpan','Distrito Federal',1024,'Portales','Coyoacán');

INSERT INTO direccion_sucursal (id_direccion_sucursal, calle_sucursal, estado_sucursal, numero_sucursal, colonia_sucursal, municipio_sucursal) VALUES (3,'Calzada del Hueso','Distrito Federal',22,'Bordo','Tlalpan');

INSERT INTO "direccion_sucursal" (id_direccion_sucursal,calle_sucursal,estado_sucursal,numero_sucursal,colonia_sucursal,municipio_sucursal) VALUES (1,'6331 Lorem, Ave','NI',67,'Ap #302-8455 Suspendisse Ave','South Island'); 

INSERT INTO "direccion_sucursal" (id_direccion_sucursal,calle_sucursal,estado_sucursal,numero_sucursal,colonia_sucursal,municipio_sucursal) VALUES (11,'8341 Integer St.','WB',72,'9650 Nunc Street','MP');

INSERT INTO "direccion_sucursal" (id_direccion_sucursal,calle_sucursal,estado_sucursal,numero_sucursal,colonia_sucursal,municipio_sucursal) VALUES (41,'P.O. Box 565, 7116 Lorem, Avenue','West Bengal',45,'406-3848 Semper Rd.','Vienna');



INSERT INTO distribuidor (id_distribuidor, nombre_distribuidor, deuda) VALUES (1,'Pulvinar Inc.',346444);

INSERT INTO distribuidor (id_distribuidor, nombre_distribuidor, deuda) VALUES (2,'Non Institute',126528);

INSERT INTO distribuidor (id_distribuidor, nombre_distribuidor, deuda) VALUES (3,'Nunc Institute',159333);

INSERT INTO distribuidor (id_distribuidor, nombre_distribuidor, deuda) VALUES (4,'Massa Suspendisse',917927);

INSERT INTO distribuidor (id_distribuidor, nombre_distribuidor, deuda) VALUES (5,'Neque PC',998212);



INSERT INTO juguete (codigo_de_barras, nombre_juguete, precio, clasificacion) VALUES (7506129404567,'Cubo Rubik',200,12);

INSERT INTO juguete (codigo_de_barras, nombre_juguete, precio, clasificacion) VALUES (1274303598135,'Bob Esponja: Inflable',150,3);

INSERT INTO juguete (codigo_de_barras, nombre_juguete, precio, clasificacion) VALUES (3790283417778,'Señor Cara de Papa: Original',300,5);

INSERT INTO juguete (codigo_de_barras, nombre_juguete, precio, clasificacion) VALUES (4915801055838,'Max Steel: Brigada Nocturna',500,5);

INSERT INTO juguete (codigo_de_barras, nombre_juguete, precio, clasificacion) VALUES (1314151617229,'Playmobile: Payaso Asesino',200,5);






INSERT INTO marca (id_marca, nombre_marca) VALUES (1,'Hasbro');

INSERT INTO marca (id_marca, nombre_marca) VALUES (2,'Lego');

INSERT INTO marca (id_marca, nombre_marca) VALUES (3,'Mattel');

INSERT INTO marca (id_marca, nombre_marca) VALUES (4,'Duncan');

INSERT INTO marca (id_marca, nombre_marca) VALUES (5,'Play mobile');



INSERT INTO pedido (id_pedido, numero_articulo, total, fecha_pedido) VALUES (1,7062730,773753,'08/28/2015');

INSERT INTO pedido (id_pedido, numero_articulo, total, fecha_pedido) VALUES (2,3439978,74492,'12/14/2014');

INSERT INTO pedido (id_pedido, numero_articulo, total, fecha_pedido) VALUES (3,1716506,950034,'09/24/2016');

INSERT INTO pedido (id_pedido, numero_articulo, total, fecha_pedido) VALUES (4,7327886,449152,'06/19/2015');

INSERT INTO pedido (id_pedido, numero_articulo, total, fecha_pedido) VALUES (5,1748592,773885,'02/08/2014');






INSERT INTO sucursal (id_sucursal, nombre_sucursal, telefono_sucursal, balance_sucursal) VALUES (1,'Universidad',5531084278,1000);

INSERT INTO sucursal (id_sucursal, nombre_sucursal, telefono_sucursal, balance_sucursal) VALUES (2,'Perisur',5540888362,300);

INSERT INTO sucursal (id_sucursal, nombre_sucursal, telefono_sucursal, balance_sucursal) VALUES (3,'Hueso',5555674350,600);

INSERT INTO sucursal (id_sucursal, nombre_sucursal, telefono_sucursal, balance_sucursal) VALUES (4,'Tepito',5554218903,20);

INSERT INTO sucursal (id_sucursal, nombre_sucursal, telefono_sucursal, balance_sucursal) VALUES (5,'Alaska',8004454435,2000);


INSERT INTO "distribuye_a" (distribuidor_distribuye_a,marca_distribuye_a) VALUES (1,1);
INSERT INTO "distribuye_a" (distribuidor_distribuye_a,marca_distribuye_a) VALUES (2,2);
INSERT INTO "distribuye_a" (distribuidor_distribuye_a,marca_distribuye_a) VALUES (3,3);
INSERT INTO "distribuye_a" (distribuidor_distribuye_a,marca_distribuye_a) VALUES (4,4);
INSERT INTO "distribuye_a" (distribuidor_distribuye_a,marca_distribuye_a) VALUES (5,5);

INSERT INTO "es_dueno_de" (codigo_es_dueno_de,marca_es_dueno_de) VALUES (7506129404567,1);
INSERT INTO "es_dueno_de" (codigo_es_dueno_de,marca_es_dueno_de) VALUES (1274303598135,2);
INSERT INTO "es_dueno_de" (codigo_es_dueno_de,marca_es_dueno_de) VALUES (3790283417778,3);
INSERT INTO "es_dueno_de" (codigo_es_dueno_de,marca_es_dueno_de) VALUES (4915801055838,4);
INSERT INTO "es_dueno_de" (codigo_es_dueno_de,marca_es_dueno_de) VALUES (1314151617229,5);

INSERT INTO "realiza_compra" (cliente_realiza_compra,pedido_realiza_compra) VALUES (1,1);
INSERT INTO "realiza_compra" (cliente_realiza_compra,pedido_realiza_compra) VALUES (2,2);
INSERT INTO "realiza_compra" (cliente_realiza_compra,pedido_realiza_compra) VALUES (3,3);
INSERT INTO "realiza_compra" (cliente_realiza_compra,pedido_realiza_compra) VALUES (4,4);
INSERT INTO "realiza_compra" (cliente_realiza_compra,pedido_realiza_compra) VALUES (5,5);

INSERT INTO "se_vende_en" (codigo_se_vende_en,sucursal_se_vende_en) VALUES (7506129404567,1);
INSERT INTO "se_vende_en" (codigo_se_vende_en,sucursal_se_vende_en) VALUES (1274303598135,2);
INSERT INTO "se_vende_en" (codigo_se_vende_en,sucursal_se_vende_en) VALUES (3790283417778,3);
INSERT INTO "se_vende_en" (codigo_se_vende_en,sucursal_se_vende_en) VALUES (4915801055838,4);
INSERT INTO "se_vende_en" (codigo_se_vende_en,sucursal_se_vende_en) VALUES (1314151617229,5);

INSERT INTO "trabaja_en" (sucursal_trabaja_en,empleado_trabaja_en) VALUES (1,1);
INSERT INTO "trabaja_en" (sucursal_trabaja_en,empleado_trabaja_en) VALUES (1,2);
INSERT INTO "trabaja_en" (sucursal_trabaja_en,empleado_trabaja_en) VALUES (3,3);
INSERT INTO "trabaja_en" (sucursal_trabaja_en,empleado_trabaja_en) VALUES (4,4);
INSERT INTO "trabaja_en" (sucursal_trabaja_en,empleado_trabaja_en) VALUES (5,5);

INSERT INTO "transaccion" (codigo_transaccion,pedido_transaccion) VALUES (7506129404567,1);
INSERT INTO "transaccion" (codigo_transaccion,pedido_transaccion) VALUES (1274303598135,2);
INSERT INTO "transaccion" (codigo_transaccion,pedido_transaccion) VALUES (3790283417778,3);
INSERT INTO "transaccion" (codigo_transaccion,pedido_transaccion) VALUES (4915801055838,4);
INSERT INTO "transaccion" (codigo_transaccion,pedido_transaccion) VALUES (1314151617229,5);

UPDATE juguete
SET nombre_juguete = 'Patricio Inflable'
WHERE codigo_de_barras = 1274303598135;

UPDATE empleado
SET nombre_empleado = 'Rigoberto'
WHERE id_empleado = 2;

DELETE FROM trabaja_en
WHERE sucursal_trabaja_en = 1;

DELETE FROM cliente
WHERE id_cliente = 5;

SELECT *
FROM trabaja_en;

SELECT *
FROM trabaja_en
WHERE sucursal_trabaja_en = 1;

SELECT calle_cliente
FROM direccion_cliente
WHERE municipio_cliente LIKE 'Coyo%';
